{"short_standard":{"h2_2025":{"summary":{"num_coins":47,"total_trades":75,"win_rate":0.4,"mean_trade":0.018114288141268656,"median_trade":-0.04072141560798548,"signal_median":-0.010327795240233306,"avg_days":5.28},"top10":[["HUSDT",{"total_ret":0.7936445542143526,"win_rate":0.5,"n":2,"bnh":1.3542168674698791,"btc_ret":-0.17067454010350447}],["WLDUSDT",{"total_ret":0.6118004455737778,"win_rate":1.0,"n":2,"bnh":-0.4374048483428973,"btc_ret":-0.17067454010350447}],["RIVERUSDT",{"total_ret":0.46940104166666674,"win_rate":1.0,"n":1,"bnh":1.933476394849785,"btc_ret":-0.17644902264177198}],["BERAUSDT",{"total_ret":0.42020982882385427,"win_rate":1.0,"n":1,"bnh":-0.6233250620347395,"btc_ret":-0.17067454010350447}],["APTUSDT",{"total_ret":0.3726022886309377,"win_rate":1.0,"n":1,"bnh":-0.6304967698819336,"btc_ret":-0.17067454010350447}],["CHZUSDT",{"total_ret":0.3598954931417375,"win_rate":1.0,"n":1,"bnh":0.24719432959243925,"btc_ret":-0.17067454010350447}],["ENAUSDT",{"total_ret":0.23761880940470226,"win_rate":1.0,"n":1,"bnh":-0.20871287128712868,"btc_ret":-0.17067454010350447}],["KAITOUSDT",{"total_ret":0.21509849504465928,"win_rate":1.0,"n":1,"bnh":-0.6877621514927215,"btc_ret":-0.17067454010350447}],["ARBUSDT",{"total_ret":0.20671897989210386,"win_rate":1.0,"n":1,"bnh":-0.42892081932130854,"btc_ret":-0.17067454010350447}],["TRUMPUSDT",{"total_ret":0.15541726503909348,"win_rate":1.0,"n":1,"bnh":-0.4406621590114246,"btc_ret":-0.17067454010350447}]],"bottom10":[["PIPPINUSDT",{"total_ret":-0.3742824768406485,"win_rate":0.25,"n":4,"bnh":24.89029255319149,"btc_ret":-0.17067454010350447}],["XMRUSDT",{"total_ret":-0.3353734378331601,"win_rate":0.0,"n":5,"bnh":0.39782384754056155,"btc_ret":-0.17067454010350447}],["BCHUSDT",{"total_ret":-0.2616887236178239,"win_rate":0.0,"n":3,"bnh":0.19861163902614676,"btc_ret":-0.17067454010350447}],["SIRENUSDT",{"total_ret":-0.19771443188250115,"win_rate":0.25,"n":4,"bnh":0.48686780985456934,"btc_ret":-0.17067454010350447}],["DOGEUSDT",{"total_ret":-0.18812459231315493,"win_rate":0.0,"n":2,"bnh":-0.2554378844568457,"btc_ret":-0.17067454010350447}],["NEARUSDT",{"total_ret":-0.1585412872694295,"win_rate":0.0,"n":3,"bnh":-0.2579695929377147,"btc_ret":-0.17067454010350447}],["BNBUSDT",{"total_ret":-0.15189842643090712,"win_rate":0.5,"n":2,"bnh":0.3383324820850939,"btc_ret":-0.17067454010350447}],["ETCUSDT",{"total_ret":-0.12171925384709581,"win_rate":0.0,"n":1,"bnh":-0.28011802373030315,"btc_ret":-0.17067454010350447}],["AVAXUSDT",{"total_ret":-0.11537700376014248,"win_rate":0.0,"n":1,"bnh":-0.27988065289884756,"btc_ret":-0.17067454010350447}],["ZECUSDT",{"total_ret":-0.11230043541364287,"win_rate":0.0,"n":1,"bnh":12.880661784648765,"btc_ret":-0.17067454010350447}]]},"full_2025":{"summary":{"num_coins":47,"total_trades":75,"win_rate":0.4,"mean_trade":0.018114288141268656,"median_trade":-0.04072141560798548,"signal_median":-0.010327795240233306,"avg_days":5.28},"top10":[["HUSDT",{"total_ret":0.7936445542143526,"win_rate":0.5,"n":2,"bnh":1.3542168674698791,"btc_ret":-0.17067454010350447}],["WLDUSDT",{"total_ret":0.6118004455737778,"win_rate":1.0,"n":2,"bnh":-0.4374048483428973,"btc_ret":-0.17067454010350447}],["RIVERUSDT",{"total_ret":0.46940104166666674,"win_rate":1.0,"n":1,"bnh":1.933476394849785,"btc_ret":-0.17644902264177198}],["BERAUSDT",{"total_ret":0.42020982882385427,"win_rate":1.0,"n":1,"bnh":-0.6233250620347395,"btc_ret":-0.17067454010350447}],["APTUSDT",{"total_ret":0.3726022886309377,"win_rate":1.0,"n":1,"bnh":-0.6304967698819336,"btc_ret":-0.17067454010350447}],["CHZUSDT",{"total_ret":0.3598954931417375,"win_rate":1.0,"n":1,"bnh":0.24719432959243925,"btc_ret":-0.17067454010350447}],["ENAUSDT",{"total_ret":0.23761880940470226,"win_rate":1.0,"n":1,"bnh":-0.20871287128712868,"btc_ret":-0.17067454010350447}],["KAITOUSDT",{"total_ret":0.21509849504465928,"win_rate":1.0,"n":1,"bnh":-0.6877621514927215,"btc_ret":-0.17067454010350447}],["ARBUSDT",{"total_ret":0.20671897989210386,"win_rate":1.0,"n":1,"bnh":-0.42892081932130854,"btc_ret":-0.17067454010350447}],["TRUMPUSDT",{"total_ret":0.15541726503909348,"win_rate":1.0,"n":1,"bnh":-0.4406621590114246,"btc_ret":-0.17067454010350447}]],"bottom10":[["PIPPINUSDT",{"total_ret":-0.3742824768406485,"win_rate":0.25,"n":4,"bnh":24.89029255319149,"btc_ret":-0.17067454010350447}],["XMRUSDT",{"total_ret":-0.3353734378331601,"win_rate":0.0,"n":5,"bnh":0.39782384754056155,"btc_ret":-0.17067454010350447}],["BCHUSDT",{"total_ret":-0.2616887236178239,"win_rate":0.0,"n":3,"bnh":0.19861163902614676,"btc_ret":-0.17067454010350447}],["SIRENUSDT",{"total_ret":-0.19771443188250115,"win_rate":0.25,"n":4,"bnh":0.48686780985456934,"btc_ret":-0.17067454010350447}],["DOGEUSDT",{"total_ret":-0.18812459231315493,"win_rate":0.0,"n":2,"bnh":-0.2554378844568457,"btc_ret":-0.17067454010350447}],["NEARUSDT",{"total_ret":-0.1585412872694295,"win_rate":0.0,"n":3,"bnh":-0.2579695929377147,"btc_ret":-0.17067454010350447}],["BNBUSDT",{"total_ret":-0.15189842643090712,"win_rate":0.5,"n":2,"bnh":0.3383324820850939,"btc_ret":-0.17067454010350447}],["ETCUSDT",{"total_ret":-0.12171925384709581,"win_rate":0.0,"n":1,"bnh":-0.28011802373030315,"btc_ret":-0.17067454010350447}],["AVAXUSDT",{"total_ret":-0.11537700376014248,"win_rate":0.0,"n":1,"bnh":-0.27988065289884756,"btc_ret":-0.17067454010350447}],["ZECUSDT",{"total_ret":-0.11230043541364287,"win_rate":0.0,"n":1,"bnh":12.880661784648765,"btc_ret":-0.17067454010350447}]]},"h1_2025":{"summary":{"num_coins":0,"total_trades":0,"win_rate":0,"mean_trade":0,"median_trade":0,"signal_median":0,"avg_days":0},"top10":[],"bottom10":[]},"q1_2026":{"summary":{"num_coins":0,"total_trades":0,"win_rate":0,"mean_trade":0,"median_trade":0,"signal_median":0,"avg_days":0},"top10":[],"bottom10":[]}},"short_conservative":{"h2_2025":{"summary":{"num_coins":34,"total_trades":51,"win_rate":0.35294117647058826,"mean_trade":0.028259385321487997,"median_trade":-0.06289978678038366,"signal_median":-0.042189273254456705,"avg_days":5.803921568627451},"top10":[["HUSDT",{"total_ret":0.7936445542143526,"win_rate":0.5,"n":2,"bnh":1.3542168674698791,"btc_ret":-0.17067454010350447}],["WLDUSDT",{"total_ret":0.6646463618220986,"win_rate":1.0,"n":2,"bnh":-0.4374048483428973,"btc_ret":-0.17067454010350447}],["RIVERUSDT",{"total_ret":0.46940104166666674,"win_rate":1.0,"n":1,"bnh":1.933476394849785,"btc_ret":-0.17644902264177198}],["BERAUSDT",{"total_ret":0.42020982882385427,"win_rate":1.0,"n":1,"bnh":-0.6233250620347395,"btc_ret":-0.17067454010350447}],["APTUSDT",{"total_ret":0.3726022886309377,"win_rate":1.0,"n":1,"bnh":-0.6304967698819336,"btc_ret":-0.17067454010350447}],["ENAUSDT",{"total_ret":0.25012632642748867,"win_rate":1.0,"n":1,"bnh":-0.20871287128712868,"btc_ret":-0.17067454010350447}],["POLUSDT",{"total_ret":0.2001602706793697,"win_rate":1.0,"n":1,"bnh":-0.43152235427277874,"btc_ret":-0.17067454010350447}],["XLMUSDT",{"total_ret":0.17107886575099696,"win_rate":1.0,"n":1,"bnh":-0.10864449673666932,"btc_ret":-0.17067454010350447}],["TRUMPUSDT",{"total_ret":0.15541726503909348,"win_rate":1.0,"n":1,"bnh":-0.4406621590114246,"btc_ret":-0.17067454010350447}],["XRPUSDT",{"total_ret":0.09208985414670501,"win_rate":1.0,"n":1,"bnh":-0.1518013452501612,"btc_ret":-0.17067454010350447}]],"bottom10":[["PIPPINUSDT",{"total_ret":-0.3742824768406485,"win_rate":0.25,"n":4,"bnh":24.89029255319149,"btc_ret":-0.17067454010350447}],["XMRUSDT",{"total_ret":-0.26629230768201506,"win_rate":0.0,"n":4,"bnh":0.39782384754056155,"btc_ret":-0.17067454010350447}],["DOGEUSDT",{"total_ret":-0.18812459231315493,"win_rate":0.0,"n":2,"bnh":-0.2554378844568457,"btc_ret":-0.17067454010350447}],["BCHUSDT",{"total_ret":-0.16537999255800084,"win_rate":0.0,"n":2,"bnh":0.19861163902614676,"btc_ret":-0.17067454010350447}],["BNBUSDT",{"total_ret":-0.15355509164031567,"win_rate":0.0,"n":1,"bnh":0.3383324820850939,"btc_ret":-0.17067454010350447}],["OPUSDT",{"total_ret":-0.14185223094496557,"win_rate":0.0,"n":2,"bnh":-0.491554374644145,